[
  {
    "model": "auth.user",
    "fields": {
      "password": "pbkdf2_sha256$1000000$6FTM5Fdljp2WdazFn5Mvpy$G7aLKewO5UXchKokIPPaLhLfcBOkR2Tt7gZRaZwvCVM=",
      "last_login": "2025-11-27T12:24:20.081Z",
      "is_superuser": true,
      "username": "admin",
      "first_name": "",
      "last_name": "",
      "email": "",
      "is_staff": true,
      "is_active": true,
      "date_joined": "2025-11-13T03:48:42.854Z",
      "groups": [],
      "user_permissions": []
    }
  },
  {
    "model": "carros.marca",
    "pk": 1,
    "fields": {
      "nome": "Toyota",
      "logo": "marcas/qOfxiz.webp"
    }
  },
  {
    "model": "carros.marca",
    "pk": 2,
    "fields": {
      "nome": "Honda",
      "logo": "marcas/asdasf.webp"
    }
  },
  {
    "model": "carros.marca",
    "pk": 3,
    "fields": {
      "nome": "Volkswagen",
      "logo": "marcas/old-volkswagen-png-logo-21.webp"
    }
  },
  {
    "model": "carros.marca",
    "pk": 4,
    "fields": {
      "nome": "Chevrolet",
      "logo": "marcas/Chevrolet-Logo_D3yPt5x.png"
    }
  },
  {
    "model": "carros.marca",
    "pk": 5,
    "fields": {
      "nome": "Fiat",
      "logo": "marcas/Fiat-Emblem.png"
    }
  },
  {
    "model": "carros.marca",
    "pk": 6,
    "fields": {
      "nome": "Ford",
      "logo": "marcas/ford-new-logo.jpg"
    }
  },
  {
    "model": "carros.marca",
    "pk": 7,
    "fields": {
      "nome": "Hyundai",
      "logo": "marcas/hyundai-logo-1990-download.png"
    }
  },
  {
    "model": "carros.marca",
    "pk": 8,
    "fields": {
      "nome": "Nissan",
      "logo": "marcas/nissan-logo-png_seeklogo-99772.webp"
    }
  },
  {
    "model": "carros.marca",
    "pk": 9,
    "fields": {
      "nome": "Renault",
      "logo": "marcas/download-removebg-preview.png"
    }
  },
  {
    "model": "carros.marca",
    "pk": 10,
    "fields": {
      "nome": "Peugeot",
      "logo": "marcas/peugeot-logo-png_seeklogo-233749-removebg-preview.png"
    }
  },
  {
    "model": "carros.marca",
    "pk": 11,
    "fields": {
      "nome": "Citroën",
      "logo": "marcas/R.png"
    }
  },
  {
    "model": "carros.marca",
    "pk": 12,
    "fields": {
      "nome": "BMW",
      "logo": "marcas/BMW.svg.png"
    }
  },
  {
    "model": "carros.marca",
    "pk": 13,
    "fields": {
      "nome": "Mercedes-Benz",
      "logo": "marcas/mercedes-benz-metallic-logo-isolated-illustration-free-vector.webp"
    }
  },
  {
    "model": "carros.marca",
    "pk": 14,
    "fields": {
      "nome": "Audi",
      "logo": "marcas/audi.png"
    }
  },
  {
    "model": "carros.marca",
    "pk": 15,
    "fields": {
      "nome": "Jeep",
      "logo": "marcas/Jeep-Logo.png"
    }
  },
  {
    "model": "carros.marca",
    "pk": 16,
    "fields": {
      "nome": "Land Rover",
      "logo": "marcas/Land-Rover-Logo-PNG-Free-File-Download.webp"
    }
  },
  {
    "model": "carros.marca",
    "pk": 17,
    "fields": {
      "nome": "Volvo",
      "logo": "marcas/volvo-cars-logo-png_seeklogo-299477.webp"
    }
  },
  {
    "model": "carros.marca",
    "pk": 18,
    "fields": {
      "nome": "Kia",
      "logo": "marcas/KIA-Logo-1994-2012.webp"
    }
  },
  {
    "model": "carros.marca",
    "pk": 19,
    "fields": {
      "nome": "Mitsubishi",
      "logo": "marcas/mitsubishi-logo-png_seeklogo-312645.webp"
    }
  },
  {
    "model": "carros.modeloveiculo",
    "pk": 1,
    "fields": {
      "marca": 14,
      "nome": "A1"
    }
  },
  {
    "model": "carros.modeloveiculo",
    "pk": 2,
    "fields": {
      "marca": 14,
      "nome": "A3"
    }
  },
  {
    "model": "carros.modeloveiculo",
    "pk": 3,
    "fields": {
      "marca": 14,
      "nome": "A4"
    }
  },
  {
    "model": "carros.modeloveiculo",
    "pk": 4,
    "fields": {
      "marca": 14,
      "nome": "A5"
    }
  },
  {
    "model": "carros.modeloveiculo",
    "pk": 5,
    "fields": {
      "marca": 14,
      "nome": "A6"
    }
  },
  {
    "model": "carros.modeloveiculo",
    "pk": 6,
    "fields": {
      "marca": 14,
      "nome": "A7"
    }
  },
  {
    "model": "carros.modeloveiculo",
    "pk": 7,
    "fields": {
      "marca": 14,
      "nome": "A8"
    }
  },
  {
    "model": "carros.modeloveiculo",
    "pk": 8,
    "fields": {
      "marca": 14,
      "nome": "Q2"
    }
  },
  {
    "model": "carros.modeloveiculo",
    "pk": 9,
    "fields": {
      "marca": 14,
      "nome": "Q3"
    }
  },
  {
    "model": "carros.modeloveiculo",
    "pk": 10,
    "fields": {
      "marca": 14,
      "nome": "Q5"
    }
  },
  {
    "model": "carros.modeloveiculo",
    "pk": 11,
    "fields": {
      "marca": 14,
      "nome": "Q7"
    }
  },
  {
    "model": "carros.modeloveiculo",
    "pk": 12,
    "fields": {
      "marca": 14,
      "nome": "Q8"
    }
  },
  {
    "model": "carros.modeloveiculo",
    "pk": 13,
    "fields": {
      "marca": 14,
      "nome": "TT"
    }
  },
  {
    "model": "carros.modeloveiculo",
    "pk": 14,
    "fields": {
      "marca": 14,
      "nome": "RS3"
    }
  },
  {
    "model": "carros.modeloveiculo",
    "pk": 15,
    "fields": {
      "marca": 14,
      "nome": "RS4"
    }
  },
  {
    "model": "carros.modeloveiculo",
    "pk": 16,
    "fields": {
      "marca": 14,
      "nome": "RS5"
    }
  },
  {
    "model": "carros.modeloveiculo",
    "pk": 17,
    "fields": {
      "marca": 14,
      "nome": "RS6"
    }
  },
  {
    "model": "carros.modeloveiculo",
    "pk": 18,
    "fields": {
      "marca": 14,
      "nome": "RS7"
    }
  },
  {
    "model": "carros.modeloveiculo",
    "pk": 19,
    "fields": {
      "marca": 12,
      "nome": "Série 1"
    }
  },
  {
    "model": "carros.modeloveiculo",
    "pk": 20,
    "fields": {
      "marca": 12,
      "nome": "Série 2"
    }
  },
  {
    "model": "carros.modeloveiculo",
    "pk": 21,
    "fields": {
      "marca": 12,
      "nome": "Série 3"
    }
  },
  {
    "model": "carros.modeloveiculo",
    "pk": 22,
    "fields": {
      "marca": 12,
      "nome": "Série 4"
    }
  },
  {
    "model": "carros.modeloveiculo",
    "pk": 23,
    "fields": {
      "marca": 12,
      "nome": "Série 5"
    }
  },
  {
    "model": "carros.modeloveiculo",
    "pk": 24,
    "fields": {
      "marca": 12,
      "nome": "Série 7"
    }
  },
  {
    "model": "carros.modeloveiculo",
    "pk": 25,
    "fields": {
      "marca": 12,
      "nome": "X1"
    }
  },
  {
    "model": "carros.modeloveiculo",
    "pk": 26,
    "fields": {
      "marca": 12,
      "nome": "X2"
    }
  },
  {
    "model": "carros.modeloveiculo",
    "pk": 27,
    "fields": {
      "marca": 12,
      "nome": "X3"
    }
  },
  {
    "model": "carros.modeloveiculo",
    "pk": 28,
    "fields": {
      "marca": 12,
      "nome": "X4"
    }
  },
  {
    "model": "carros.modeloveiculo",
    "pk": 29,
    "fields": {
      "marca": 12,
      "nome": "X5"
    }
  },
  {
    "model": "carros.modeloveiculo",
    "pk": 30,
    "fields": {
      "marca": 12,
      "nome": "X6"
    }
  },
  {
    "model": "carros.modeloveiculo",
    "pk": 31,
    "fields": {
      "marca": 12,
      "nome": "Z4"
    }
  },
  {
    "model": "carros.modeloveiculo",
    "pk": 32,
    "fields": {
      "marca": 4,
      "nome": "Onix"
    }
  },
  {
    "model": "carros.modeloveiculo",
    "pk": 33,
    "fields": {
      "marca": 4,
      "nome": "Onix Plus"
    }
  },
  {
    "model": "carros.modeloveiculo",
    "pk": 34,
    "fields": {
      "marca": 4,
      "nome": "Cruze"
    }
  },
  {
    "model": "carros.modeloveiculo",
    "pk": 35,
    "fields": {
      "marca": 4,
      "nome": "Cruze Sport6"
    }
  },
  {
    "model": "carros.modeloveiculo",
    "pk": 36,
    "fields": {
      "marca": 4,
      "nome": "Tracker"
    }
  },
  {
    "model": "carros.modeloveiculo",
    "pk": 37,
    "fields": {
      "marca": 4,
      "nome": "Trax"
    }
  },
  {
    "model": "carros.modeloveiculo",
    "pk": 38,
    "fields": {
      "marca": 4,
      "nome": "S10"
    }
  },
  {
    "model": "carros.modeloveiculo",
    "pk": 39,
    "fields": {
      "marca": 4,
      "nome": "Montana"
    }
  },
  {
    "model": "carros.modeloveiculo",
    "pk": 40,
    "fields": {
      "marca": 4,
      "nome": "Spin"
    }
  },
  {
    "model": "carros.modeloveiculo",
    "pk": 41,
    "fields": {
      "marca": 4,
      "nome": "Cobalt"
    }
  },
  {
    "model": "carros.modeloveiculo",
    "pk": 42,
    "fields": {
      "marca": 4,
      "nome": "Equinox"
    }
  },
  {
    "model": "carros.modeloveiculo",
    "pk": 43,
    "fields": {
      "marca": 4,
      "nome": "Corvette C5"
    }
  },
  {
    "model": "carros.modeloveiculo",
    "pk": 44,
    "fields": {
      "marca": 4,
      "nome": "Corvette C6"
    }
  },
  {
    "model": "carros.modeloveiculo",
    "pk": 45,
    "fields": {
      "marca": 4,
      "nome": "Corvette C7"
    }
  },
  {
    "model": "carros.modeloveiculo",
    "pk": 46,
    "fields": {
      "marca": 4,
      "nome": "Corvette C8"
    }
  },
  {
    "model": "carros.modeloveiculo",
    "pk": 47,
    "fields": {
      "marca": 11,
      "nome": "C3"
    }
  },
  {
    "model": "carros.modeloveiculo",
    "pk": 48,
    "fields": {
      "marca": 11,
      "nome": "C4 Lounge"
    }
  },
  {
    "model": "carros.modeloveiculo",
    "pk": 49,
    "fields": {
      "marca": 11,
      "nome": "C4 Cactus"
    }
  },
  {
    "model": "carros.modeloveiculo",
    "pk": 50,
    "fields": {
      "marca": 11,
      "nome": "Aircross"
    }
  },
  {
    "model": "carros.modeloveiculo",
    "pk": 51,
    "fields": {
      "marca": 11,
      "nome": "Xsara Picasso"
    }
  },
  {
    "model": "carros.modeloveiculo",
    "pk": 52,
    "fields": {
      "marca": 5,
      "nome": "Uno"
    }
  },
  {
    "model": "carros.modeloveiculo",
    "pk": 53,
    "fields": {
      "marca": 5,
      "nome": "Mobi"
    }
  },
  {
    "model": "carros.modeloveiculo",
    "pk": 54,
    "fields": {
      "marca": 5,
      "nome": "Argo"
    }
  },
  {
    "model": "carros.modeloveiculo",
    "pk": 55,
    "fields": {
      "marca": 5,
      "nome": "Cronos"
    }
  },
  {
    "model": "carros.modeloveiculo",
    "pk": 56,
    "fields": {
      "marca": 5,
      "nome": "Palio"
    }
  },
  {
    "model": "carros.modeloveiculo",
    "pk": 57,
    "fields": {
      "marca": 5,
      "nome": "Strada"
    }
  },
  {
    "model": "carros.modeloveiculo",
    "pk": 58,
    "fields": {
      "marca": 5,
      "nome": "Toro"
    }
  },
  {
    "model": "carros.modeloveiculo",
    "pk": 59,
    "fields": {
      "marca": 5,
      "nome": "Siena"
    }
  },
  {
    "model": "carros.modeloveiculo",
    "pk": 60,
    "fields": {
      "marca": 5,
      "nome": "500"
    }
  },
  {
    "model": "carros.modeloveiculo",
    "pk": 61,
    "fields": {
      "marca": 6,
      "nome": "Ka"
    }
  },
  {
    "model": "carros.modeloveiculo",
    "pk": 62,
    "fields": {
      "marca": 6,
      "nome": "Ka Sedan"
    }
  },
  {
    "model": "carros.modeloveiculo",
    "pk": 63,
    "fields": {
      "marca": 6,
      "nome": "Fiesta"
    }
  },
  {
    "model": "carros.modeloveiculo",
    "pk": 64,
    "fields": {
      "marca": 6,
      "nome": "EcoSport"
    }
  },
  {
    "model": "carros.modeloveiculo",
    "pk": 65,
    "fields": {
      "marca": 6,
      "nome": "Fusion"
    }
  },
  {
    "model": "carros.modeloveiculo",
    "pk": 66,
    "fields": {
      "marca": 6,
      "nome": "Focus"
    }
  },
  {
    "model": "carros.modeloveiculo",
    "pk": 67,
    "fields": {
      "marca": 6,
      "nome": "Ranger"
    }
  },
  {
    "model": "carros.modeloveiculo",
    "pk": 68,
    "fields": {
      "marca": 7,
      "nome": "HB20"
    }
  },
  {
    "model": "carros.modeloveiculo",
    "pk": 69,
    "fields": {
      "marca": 7,
      "nome": "HB20S"
    }
  },
  {
    "model": "carros.modeloveiculo",
    "pk": 70,
    "fields": {
      "marca": 7,
      "nome": "Creta"
    }
  },
  {
    "model": "carros.modeloveiculo",
    "pk": 71,
    "fields": {
      "marca": 7,
      "nome": "Tucson"
    }
  },
  {
    "model": "carros.modeloveiculo",
    "pk": 72,
    "fields": {
      "marca": 7,
      "nome": "Santa Fe"
    }
  },
  {
    "model": "carros.modeloveiculo",
    "pk": 73,
    "fields": {
      "marca": 7,
      "nome": "Azera"
    }
  },
  {
    "model": "carros.modeloveiculo",
    "pk": 74,
    "fields": {
      "marca": 2,
      "nome": "Civic"
    }
  },
  {
    "model": "carros.modeloveiculo",
    "pk": 75,
    "fields": {
      "marca": 2,
      "nome": "City"
    }
  },
  {
    "model": "carros.modeloveiculo",
    "pk": 76,
    "fields": {
      "marca": 2,
      "nome": "Fit"
    }
  },
  {
    "model": "carros.modeloveiculo",
    "pk": 77,
    "fields": {
      "marca": 2,
      "nome": "HR-V"
    }
  },
  {
    "model": "carros.modeloveiculo",
    "pk": 78,
    "fields": {
      "marca": 2,
      "nome": "WR-V"
    }
  },
  {
    "model": "carros.modeloveiculo",
    "pk": 79,
    "fields": {
      "marca": 15,
      "nome": "Renegade"
    }
  },
  {
    "model": "carros.modeloveiculo",
    "pk": 80,
    "fields": {
      "marca": 15,
      "nome": "Compass"
    }
  },
  {
    "model": "carros.modeloveiculo",
    "pk": 81,
    "fields": {
      "marca": 15,
      "nome": "Commander"
    }
  },
  {
    "model": "carros.modeloveiculo",
    "pk": 82,
    "fields": {
      "marca": 15,
      "nome": "Wrangler"
    }
  },
  {
    "model": "carros.modeloveiculo",
    "pk": 83,
    "fields": {
      "marca": 15,
      "nome": "Cherokee"
    }
  },
  {
    "model": "carros.modeloveiculo",
    "pk": 84,
    "fields": {
      "marca": 19,
      "nome": "L200 Triton"
    }
  },
  {
    "model": "carros.modeloveiculo",
    "pk": 85,
    "fields": {
      "marca": 19,
      "nome": "ASX"
    }
  },
  {
    "model": "carros.modeloveiculo",
    "pk": 86,
    "fields": {
      "marca": 19,
      "nome": "Outlander"
    }
  },
  {
    "model": "carros.modeloveiculo",
    "pk": 87,
    "fields": {
      "marca": 19,
      "nome": "Pajero Dakar"
    }
  },
  {
    "model": "carros.modeloveiculo",
    "pk": 88,
    "fields": {
      "marca": 19,
      "nome": "Pajero Full"
    }
  },
  {
    "model": "carros.modeloveiculo",
    "pk": 89,
    "fields": {
      "marca": 18,
      "nome": "Sportage"
    }
  },
  {
    "model": "carros.modeloveiculo",
    "pk": 90,
    "fields": {
      "marca": 18,
      "nome": "Cerato"
    }
  },
  {
    "model": "carros.modeloveiculo",
    "pk": 91,
    "fields": {
      "marca": 18,
      "nome": "Sorento"
    }
  },
  {
    "model": "carros.modeloveiculo",
    "pk": 92,
    "fields": {
      "marca": 18,
      "nome": "Soul"
    }
  },
  {
    "model": "carros.modeloveiculo",
    "pk": 93,
    "fields": {
      "marca": 18,
      "nome": "Bongo"
    }
  },
  {
    "model": "carros.modeloveiculo",
    "pk": 94,
    "fields": {
      "marca": 17,
      "nome": "XC60"
    }
  },
  {
    "model": "carros.modeloveiculo",
    "pk": 95,
    "fields": {
      "marca": 17,
      "nome": "XC90"
    }
  },
  {
    "model": "carros.modeloveiculo",
    "pk": 96,
    "fields": {
      "marca": 17,
      "nome": "S60"
    }
  },
  {
    "model": "carros.modeloveiculo",
    "pk": 97,
    "fields": {
      "marca": 17,
      "nome": "V40"
    }
  },
  {
    "model": "carros.modeloveiculo",
    "pk": 98,
    "fields": {
      "marca": 17,
      "nome": "C30"
    }
  },
  {
    "model": "carros.modeloveiculo",
    "pk": 99,
    "fields": {
      "marca": 16,
      "nome": "Range Rover Evoque"
    }
  },
  {
    "model": "carros.modeloveiculo",
    "pk": 100,
    "fields": {
      "marca": 16,
      "nome": "Range Rover Sport"
    }
  },
  {
    "model": "carros.modeloveiculo",
    "pk": 101,
    "fields": {
      "marca": 16,
      "nome": "Defender"
    }
  },
  {
    "model": "carros.modeloveiculo",
    "pk": 102,
    "fields": {
      "marca": 16,
      "nome": "Discovery"
    }
  },
  {
    "model": "carros.modeloveiculo",
    "pk": 103,
    "fields": {
      "marca": 16,
      "nome": "Freelander 2"
    }
  },
  {
    "model": "carros.modeloveiculo",
    "pk": 104,
    "fields": {
      "marca": 13,
      "nome": "Classe A"
    }
  },
  {
    "model": "carros.modeloveiculo",
    "pk": 105,
    "fields": {
      "marca": 13,
      "nome": "Classe C"
    }
  },
  {
    "model": "carros.modeloveiculo",
    "pk": 106,
    "fields": {
      "marca": 13,
      "nome": "Classe E"
    }
  },
  {
    "model": "carros.modeloveiculo",
    "pk": 107,
    "fields": {
      "marca": 13,
      "nome": "GLA"
    }
  },
  {
    "model": "carros.modeloveiculo",
    "pk": 108,
    "fields": {
      "marca": 13,
      "nome": "GLC"
    }
  },
  {
    "model": "carros.modeloveiculo",
    "pk": 109,
    "fields": {
      "marca": 13,
      "nome": "GLB"
    }
  },
  {
    "model": "carros.modeloveiculo",
    "pk": 110,
    "fields": {
      "marca": 10,
      "nome": "208"
    }
  },
  {
    "model": "carros.modeloveiculo",
    "pk": 111,
    "fields": {
      "marca": 10,
      "nome": "2008"
    }
  },
  {
    "model": "carros.modeloveiculo",
    "pk": 112,
    "fields": {
      "marca": 10,
      "nome": "3008"
    }
  },
  {
    "model": "carros.modeloveiculo",
    "pk": 113,
    "fields": {
      "marca": 10,
      "nome": "408"
    }
  },
  {
    "model": "carros.modeloveiculo",
    "pk": 114,
    "fields": {
      "marca": 10,
      "nome": "Partner"
    }
  },
  {
    "model": "carros.modeloveiculo",
    "pk": 115,
    "fields": {
      "marca": 9,
      "nome": "Sandero"
    }
  },
  {
    "model": "carros.modeloveiculo",
    "pk": 116,
    "fields": {
      "marca": 9,
      "nome": "Logan"
    }
  },
  {
    "model": "carros.modeloveiculo",
    "pk": 117,
    "fields": {
      "marca": 9,
      "nome": "Duster"
    }
  },
  {
    "model": "carros.modeloveiculo",
    "pk": 118,
    "fields": {
      "marca": 9,
      "nome": "Stepway"
    }
  },
  {
    "model": "carros.modeloveiculo",
    "pk": 119,
    "fields": {
      "marca": 9,
      "nome": "Oroch"
    }
  },
  {
    "model": "carros.modeloveiculo",
    "pk": 120,
    "fields": {
      "marca": 8,
      "nome": "Kicks"
    }
  },
  {
    "model": "carros.modeloveiculo",
    "pk": 121,
    "fields": {
      "marca": 8,
      "nome": "Versa"
    }
  },
  {
    "model": "carros.modeloveiculo",
    "pk": 122,
    "fields": {
      "marca": 8,
      "nome": "March"
    }
  },
  {
    "model": "carros.modeloveiculo",
    "pk": 123,
    "fields": {
      "marca": 8,
      "nome": "Frontier"
    }
  },
  {
    "model": "carros.modeloveiculo",
    "pk": 124,
    "fields": {
      "marca": 8,
      "nome": "Sentra"
    }
  },
  {
    "model": "carros.modeloveiculo",
    "pk": 125,
    "fields": {
      "marca": 1,
      "nome": "Corolla"
    }
  },
  {
    "model": "carros.modeloveiculo",
    "pk": 126,
    "fields": {
      "marca": 1,
      "nome": "Corolla Cross"
    }
  },
  {
    "model": "carros.modeloveiculo",
    "pk": 127,
    "fields": {
      "marca": 1,
      "nome": "Hilux"
    }
  },
  {
    "model": "carros.modeloveiculo",
    "pk": 128,
    "fields": {
      "marca": 1,
      "nome": "Yaris"
    }
  },
  {
    "model": "carros.modeloveiculo",
    "pk": 129,
    "fields": {
      "marca": 1,
      "nome": "Etios"
    }
  },
  {
    "model": "carros.modeloveiculo",
    "pk": 130,
    "fields": {
      "marca": 1,
      "nome": "RAV4"
    }
  },
  {
    "model": "carros.modeloveiculo",
    "pk": 131,
    "fields": {
      "marca": 3,
      "nome": "Gol"
    }
  },
  {
    "model": "carros.modeloveiculo",
    "pk": 132,
    "fields": {
      "marca": 3,
      "nome": "Polo"
    }
  },
  {
    "model": "carros.modeloveiculo",
    "pk": 133,
    "fields": {
      "marca": 3,
      "nome": "Virtus"
    }
  },
  {
    "model": "carros.modeloveiculo",
    "pk": 134,
    "fields": {
      "marca": 3,
      "nome": "T-Cross"
    }
  },
  {
    "model": "carros.modeloveiculo",
    "pk": 135,
    "fields": {
      "marca": 3,
      "nome": "Nivus"
    }
  },
  {
    "model": "carros.modeloveiculo",
    "pk": 136,
    "fields": {
      "marca": 3,
      "nome": "Taos"
    }
  },
  {
    "model": "carros.modeloveiculo",
    "pk": 137,
    "fields": {
      "marca": 3,
      "nome": "Golf"
    }
  },
  {
    "model": "carros.modeloveiculo",
    "pk": 138,
    "fields": {
      "marca": 3,
      "nome": "Jetta"
    }
  },
  {
    "model": "carros.modeloveiculo",
    "pk": 139,
    "fields": {
      "marca": 3,
      "nome": "Amarok"
    }
  },
  {
    "model": "carros.modeloveiculo",
    "pk": 140,
    "fields": {
      "marca": 8,
      "nome": "Livina"
    }
  },
  {
    "model": "carros.modeloveiculo",
    "pk": 141,
    "fields": {
      "marca": 8,
      "nome": "Tiida"
    }
  },
  {
    "model": "carros.modeloveiculo",
    "pk": 142,
    "fields": {
      "marca": 8,
      "nome": "Pathfinder"
    }
  },
  {
    "model": "carros.modeloveiculo",
    "pk": 143,
    "fields": {
      "marca": 8,
      "nome": "X-Trail"
    }
  },
  {
    "model": "carros.versaoveiculo",
    "pk": 1,
    "fields": {
      "modelo": 1,
      "nome": "A1 1.4 TFSI Attraction S-Tronic"
    }
  },
  {
    "model": "carros.versaoveiculo",
    "pk": 2,
    "fields": {
      "modelo": 1,
      "nome": "A1 1.4 TFSI Ambition S-Tronic"
    }
  },
  {
    "model": "carros.versaoveiculo",
    "pk": 3,
    "fields": {
      "modelo": 1,
      "nome": "A1 1.8 TFSI Sportback S-Tronic"
    }
  },
  {
    "model": "carros.versaoveiculo",
    "pk": 4,
    "fields": {
      "modelo": 2,
      "nome": "A3 Sedan 1.4 TFSI Attraction S-Tronic"
    }
  },
  {
    "model": "carros.versaoveiculo",
    "pk": 5,
    "fields": {
      "modelo": 2,
      "nome": "A3 Sedan 1.4 TFSI Ambiente S-Tronic"
    }
  },
  {
    "model": "carros.versaoveiculo",
    "pk": 6,
    "fields": {
      "modelo": 2,
      "nome": "A3 Sedan 2.0 TFSI Ambition Quattro S-Tronic"
    }
  },
  {
    "model": "carros.versaoveiculo",
    "pk": 7,
    "fields": {
      "modelo": 2,
      "nome": "A3 Sportback 1.8 TFSI S-Tronic"
    }
  },
  {
    "model": "carros.versaoveiculo",
    "pk": 8,
    "fields": {
      "modelo": 2,
      "nome": "A3 Sportback 1.4 TFSI Limited Edition"
    }
  },
  {
    "model": "carros.versaoveiculo",
    "pk": 9,
    "fields": {
      "modelo": 3,
      "nome": "A4 Sedan 2.0 TFSI Prestige"
    }
  },
  {
    "model": "carros.versaoveiculo",
    "pk": 10,
    "fields": {
      "modelo": 3,
      "nome": "A4 Sedan 2.0 TFSI Prestige Plus"
    }
  },
  {
    "model": "carros.versaoveiculo",
    "pk": 11,
    "fields": {
      "modelo": 3,
      "nome": "A4 Sedan 2.0 TFSI S-Line"
    }
  },
  {
    "model": "carros.versaoveiculo",
    "pk": 12,
    "fields": {
      "modelo": 3,
      "nome": "A4 Avant 2.0 TFSI Quattro"
    }
  },
  {
    "model": "carros.versaoveiculo",
    "pk": 13,
    "fields": {
      "modelo": 4,
      "nome": "A5 Sportback 1.8 TFSI Multitronic"
    }
  },
  {
    "model": "carros.versaoveiculo",
    "pk": 14,
    "fields": {
      "modelo": 4,
      "nome": "A5 Sportback 2.0 TFSI S-Tronic"
    }
  },
  {
    "model": "carros.versaoveiculo",
    "pk": 15,
    "fields": {
      "modelo": 4,
      "nome": "A5 Sportback Ambition Plus"
    }
  },
  {
    "model": "carros.versaoveiculo",
    "pk": 16,
    "fields": {
      "modelo": 5,
      "nome": "A6 Sedan 3.0 TFSI Quattro"
    }
  },
  {
    "model": "carros.versaoveiculo",
    "pk": 17,
    "fields": {
      "modelo": 5,
      "nome": "A6 Sedan 2.0 TFSI S-Tronic"
    }
  },
  {
    "model": "carros.versaoveiculo",
    "pk": 18,
    "fields": {
      "modelo": 6,
      "nome": "A7 Sportback 3.0 TFSI Quattro"
    }
  },
  {
    "model": "carros.versaoveiculo",
    "pk": 19,
    "fields": {
      "modelo": 7,
      "nome": "A8 4.0 TFSI Quattro"
    }
  },
  {
    "model": "carros.versaoveiculo",
    "pk": 20,
    "fields": {
      "modelo": 7,
      "nome": "A8 3.0 TFSI Quattro"
    }
  },
  {
    "model": "carros.versaoveiculo",
    "pk": 21,
    "fields": {
      "modelo": 8,
      "nome": "Q2 1.4 TFSI S-Tronic"
    }
  },
  {
    "model": "carros.versaoveiculo",
    "pk": 22,
    "fields": {
      "modelo": 9,
      "nome": "Q3 1.4 TFSI Attraction"
    }
  },
  {
    "model": "carros.versaoveiculo",
    "pk": 23,
    "fields": {
      "modelo": 9,
      "nome": "Q3 1.4 TFSI Ambiente"
    }
  },
  {
    "model": "carros.versaoveiculo",
    "pk": 24,
    "fields": {
      "modelo": 9,
      "nome": "Q3 1.4 TFSI Prestige"
    }
  },
  {
    "model": "carros.versaoveiculo",
    "pk": 25,
    "fields": {
      "modelo": 9,
      "nome": "Q3 2.0 TFSI Quattro"
    }
  },
  {
    "model": "carros.versaoveiculo",
    "pk": 26,
    "fields": {
      "modelo": 10,
      "nome": "Q5 2.0 TFSI Ambiente"
    }
  },
  {
    "model": "carros.versaoveiculo",
    "pk": 27,
    "fields": {
      "modelo": 10,
      "nome": "Q5 2.0 TFSI S-Line"
    }
  },
  {
    "model": "carros.versaoveiculo",
    "pk": 28,
    "fields": {
      "modelo": 10,
      "nome": "Q5 3.0 TFSI Quattro"
    }
  },
  {
    "model": "carros.versaoveiculo",
    "pk": 29,
    "fields": {
      "modelo": 11,
      "nome": "Q7 3.0 TFSI Quattro"
    }
  },
  {
    "model": "carros.versaoveiculo",
    "pk": 30,
    "fields": {
      "modelo": 11,
      "nome": "Q7 4.2 FSI Quattro"
    }
  },
  {
    "model": "carros.versaoveiculo",
    "pk": 31,
    "fields": {
      "modelo": 12,
      "nome": "Q8 3.0 TFSI Quattro"
    }
  },
  {
    "model": "carros.versaoveiculo",
    "pk": 32,
    "fields": {
      "modelo": 13,
      "nome": "TT Coupé 2.0 TFSI S-Tronic"
    }
  },
  {
    "model": "carros.versaoveiculo",
    "pk": 33,
    "fields": {
      "modelo": 13,
      "nome": "TT Roadster 2.0 TFSI S-Tronic"
    }
  },
  {
    "model": "carros.versaoveiculo",
    "pk": 34,
    "fields": {
      "modelo": 14,
      "nome": "RS3 2.5 TFSI Quattro"
    }
  },
  {
    "model": "carros.versaoveiculo",
    "pk": 35,
    "fields": {
      "modelo": 15,
      "nome": "RS4 Avant 4.2 FSI Quattro"
    }
  },
  {
    "model": "carros.versaoveiculo",
    "pk": 36,
    "fields": {
      "modelo": 16,
      "nome": "RS5 Coupé 2.9 TFSI Quattro"
    }
  },
  {
    "model": "carros.versaoveiculo",
    "pk": 37,
    "fields": {
      "modelo": 17,
      "nome": "RS6 Avant 4.0 TFSI Quattro"
    }
  },
  {
    "model": "carros.versaoveiculo",
    "pk": 38,
    "fields": {
      "modelo": 18,
      "nome": "RS7 Sportback 4.0 TFSI Performance"
    }
  },
  {
    "model": "carros.versaoveiculo",
    "pk": 39,
    "fields": {
      "modelo": 19,
      "nome": "118i 1.5 Turbo Sport GP"
    }
  },
  {
    "model": "carros.versaoveiculo",
    "pk": 40,
    "fields": {
      "modelo": 19,
      "nome": "118i 1.5 Turbo Sport"
    }
  },
  {
    "model": "carros.versaoveiculo",
    "pk": 41,
    "fields": {
      "modelo": 19,
      "nome": "118i 1.5 Turbo Urban"
    }
  },
  {
    "model": "carros.versaoveiculo",
    "pk": 42,
    "fields": {
      "modelo": 19,
      "nome": "120i 2.0 Sport GP"
    }
  },
  {
    "model": "carros.versaoveiculo",
    "pk": 43,
    "fields": {
      "modelo": 20,
      "nome": "320i 2.0 Sport"
    }
  },
  {
    "model": "carros.versaoveiculo",
    "pk": 44,
    "fields": {
      "modelo": 20,
      "nome": "320i 2.0 GP"
    }
  },
  {
    "model": "carros.versaoveiculo",
    "pk": 45,
    "fields": {
      "modelo": 20,
      "nome": "320i 2.0 M Sport"
    }
  },
  {
    "model": "carros.versaoveiculo",
    "pk": 46,
    "fields": {
      "modelo": 20,
      "nome": "328i 2.0 Sport GP"
    }
  },
  {
    "model": "carros.versaoveiculo",
    "pk": 47,
    "fields": {
      "modelo": 20,
      "nome": "330i M Sport"
    }
  },
  {
    "model": "carros.versaoveiculo",
    "pk": 48,
    "fields": {
      "modelo": 21,
      "nome": "X1 sDrive20i GP"
    }
  },
  {
    "model": "carros.versaoveiculo",
    "pk": 49,
    "fields": {
      "modelo": 21,
      "nome": "X1 sDrive20i X-Line"
    }
  },
  {
    "model": "carros.versaoveiculo",
    "pk": 50,
    "fields": {
      "modelo": 21,
      "nome": "X1 sDrive20i M Sport"
    }
  },
  {
    "model": "carros.versaoveiculo",
    "pk": 51,
    "fields": {
      "modelo": 22,
      "nome": "X3 xDrive20i"
    }
  },
  {
    "model": "carros.versaoveiculo",
    "pk": 52,
    "fields": {
      "modelo": 22,
      "nome": "X3 xDrive30i M Sport"
    }
  },
  {
    "model": "carros.versaoveiculo",
    "pk": 53,
    "fields": {
      "modelo": 22,
      "nome": "X3 M40i"
    }
  },
  {
    "model": "carros.versaoveiculo",
    "pk": 54,
    "fields": {
      "modelo": 23,
      "nome": "X5 xDrive30d"
    }
  },
  {
    "model": "carros.versaoveiculo",
    "pk": 55,
    "fields": {
      "modelo": 23,
      "nome": "X5 xDrive40i"
    }
  },
  {
    "model": "carros.versaoveiculo",
    "pk": 56,
    "fields": {
      "modelo": 23,
      "nome": "X5 M Competition"
    }
  },
  {
    "model": "carros.versaoveiculo",
    "pk": 57,
    "fields": {
      "modelo": 24,
      "nome": "X6 xDrive35i"
    }
  },
  {
    "model": "carros.versaoveiculo",
    "pk": 58,
    "fields": {
      "modelo": 24,
      "nome": "X6 xDrive40i"
    }
  },
  {
    "model": "carros.versaoveiculo",
    "pk": 59,
    "fields": {
      "modelo": 24,
      "nome": "X6 M Competition"
    }
  },
  {
    "model": "carros.versaoveiculo",
    "pk": 60,
    "fields": {
      "modelo": 25,
      "nome": "Z4 sDrive20i"
    }
  },
  {
    "model": "carros.versaoveiculo",
    "pk": 61,
    "fields": {
      "modelo": 25,
      "nome": "Z4 sDrive30i"
    }
  },
  {
    "model": "carros.versaoveiculo",
    "pk": 62,
    "fields": {
      "modelo": 25,
      "nome": "Z4 M40i"
    }
  },
  {
    "model": "carros.versaoveiculo",
    "pk": 63,
    "fields": {
      "modelo": 26,
      "nome": "M2 Competition 3.0"
    }
  },
  {
    "model": "carros.versaoveiculo",
    "pk": 64,
    "fields": {
      "modelo": 26,
      "nome": "M2 CS 3.0"
    }
  },
  {
    "model": "carros.versaoveiculo",
    "pk": 65,
    "fields": {
      "modelo": 27,
      "nome": "M3 Competition 3.0"
    }
  },
  {
    "model": "carros.versaoveiculo",
    "pk": 66,
    "fields": {
      "modelo": 27,
      "nome": "M3 Competition xDrive"
    }
  },
  {
    "model": "carros.versaoveiculo",
    "pk": 67,
    "fields": {
      "modelo": 28,
      "nome": "M4 Competition 3.0"
    }
  },
  {
    "model": "carros.versaoveiculo",
    "pk": 68,
    "fields": {
      "modelo": 28,
      "nome": "M4 Competition xDrive"
    }
  },
  {
    "model": "carros.versaoveiculo",
    "pk": 69,
    "fields": {
      "modelo": 29,
      "nome": "M5 Competition 4.4 V8"
    }
  },
  {
    "model": "carros.versaoveiculo",
    "pk": 70,
    "fields": {
      "modelo": 30,
      "nome": "M6 Gran Coupé 4.4 V8"
    }
  },
  {
    "model": "carros.versaoveiculo",
    "pk": 71,
    "fields": {
      "modelo": 31,
      "nome": "Onix 1.0 LT"
    }
  },
  {
    "model": "carros.versaoveiculo",
    "pk": 72,
    "fields": {
      "modelo": 31,
      "nome": "Onix 1.0 LTZ"
    }
  },
  {
    "model": "carros.versaoveiculo",
    "pk": 73,
    "fields": {
      "modelo": 31,
      "nome": "Onix 1.0 Turbo LT"
    }
  },
  {
    "model": "carros.versaoveiculo",
    "pk": 74,
    "fields": {
      "modelo": 31,
      "nome": "Onix 1.0 Turbo LTZ"
    }
  },
  {
    "model": "carros.versaoveiculo",
    "pk": 75,
    "fields": {
      "modelo": 31,
      "nome": "Onix 1.0 Turbo Premier"
    }
  },
  {
    "model": "carros.versaoveiculo",
    "pk": 76,
    "fields": {
      "modelo": 32,
      "nome": "Onix Plus 1.0 LT"
    }
  },
  {
    "model": "carros.versaoveiculo",
    "pk": 77,
    "fields": {
      "modelo": 32,
      "nome": "Onix Plus 1.0 LTZ"
    }
  },
  {
    "model": "carros.versaoveiculo",
    "pk": 78,
    "fields": {
      "modelo": 32,
      "nome": "Onix Plus 1.0 Turbo LT"
    }
  },
  {
    "model": "carros.versaoveiculo",
    "pk": 79,
    "fields": {
      "modelo": 32,
      "nome": "Onix Plus 1.0 Turbo LTZ"
    }
  },
  {
    "model": "carros.versaoveiculo",
    "pk": 80,
    "fields": {
      "modelo": 32,
      "nome": "Onix Plus 1.0 Turbo Premier"
    }
  },
  {
    "model": "carros.versaoveiculo",
    "pk": 81,
    "fields": {
      "modelo": 33,
      "nome": "Cruze 1.4 Turbo LT"
    }
  },
  {
    "model": "carros.versaoveiculo",
    "pk": 82,
    "fields": {
      "modelo": 33,
      "nome": "Cruze 1.4 Turbo LTZ"
    }
  },
  {
    "model": "carros.versaoveiculo",
    "pk": 83,
    "fields": {
      "modelo": 33,
      "nome": "Cruze 1.4 Turbo Premier"
    }
  },
  {
    "model": "carros.versaoveiculo",
    "pk": 84,
    "fields": {
      "modelo": 34,
      "nome": "Cruze Sport6 1.4 Turbo LT"
    }
  },
  {
    "model": "carros.versaoveiculo",
    "pk": 85,
    "fields": {
      "modelo": 34,
      "nome": "Cruze Sport6 1.4 Turbo LTZ"
    }
  },
  {
    "model": "carros.versaoveiculo",
    "pk": 86,
    "fields": {
      "modelo": 34,
      "nome": "Cruze Sport6 1.4 Turbo Premier"
    }
  },
  {
    "model": "carros.versaoveiculo",
    "pk": 87,
    "fields": {
      "modelo": 35,
      "nome": "C3 1.0 Live"
    }
  },
  {
    "model": "carros.versaoveiculo",
    "pk": 88,
    "fields": {
      "modelo": 35,
      "nome": "C3 1.0 Live Pack"
    }
  },
  {
    "model": "carros.versaoveiculo",
    "pk": 89,
    "fields": {
      "modelo": 35,
      "nome": "C3 1.6 VTi Feel Pack"
    }
  },
  {
    "model": "carros.versaoveiculo",
    "pk": 90,
    "fields": {
      "modelo": 36,
      "nome": "C3 Aircross 1.5 Start"
    }
  },
  {
    "model": "carros.versaoveiculo",
    "pk": 91,
    "fields": {
      "modelo": 36,
      "nome": "C3 Aircross 1.6 Shine"
    }
  },
  {
    "model": "carros.versaoveiculo",
    "pk": 92,
    "fields": {
      "modelo": 36,
      "nome": "C3 Aircross 1.6 VTi Exclusive"
    }
  },
  {
    "model": "carros.versaoveiculo",
    "pk": 93,
    "fields": {
      "modelo": 37,
      "nome": "C4 Cactus 1.6 VTi Live"
    }
  },
  {
    "model": "carros.versaoveiculo",
    "pk": 94,
    "fields": {
      "modelo": 37,
      "nome": "C4 Cactus 1.6 VTi Feel"
    }
  },
  {
    "model": "carros.versaoveiculo",
    "pk": 95,
    "fields": {
      "modelo": 37,
      "nome": "C4 Cactus 1.6 THP Shine Pack"
    }
  },
  {
    "model": "carros.versaoveiculo",
    "pk": 96,
    "fields": {
      "modelo": 38,
      "nome": "C4 Lounge 1.6 THP Tendance"
    }
  },
  {
    "model": "carros.versaoveiculo",
    "pk": 97,
    "fields": {
      "modelo": 38,
      "nome": "C4 Lounge 1.6 THP Exclusive"
    }
  },
  {
    "model": "carros.versaoveiculo",
    "pk": 98,
    "fields": {
      "modelo": 38,
      "nome": "C4 Lounge 2.0 Flex Origine"
    }
  },
  {
    "model": "carros.versaoveiculo",
    "pk": 99,
    "fields": {
      "modelo": 39,
      "nome": "C4 Picasso 1.6 THP Seduction"
    }
  },
  {
    "model": "carros.versaoveiculo",
    "pk": 100,
    "fields": {
      "modelo": 39,
      "nome": "C4 Picasso 1.6 THP Intensive"
    }
  },
  {
    "model": "carros.versaoveiculo",
    "pk": 101,
    "fields": {
      "modelo": 40,
      "nome": "C5 Aircross 1.6 THP Feel Pack"
    }
  },
  {
    "model": "carros.versaoveiculo",
    "pk": 102,
    "fields": {
      "modelo": 40,
      "nome": "C5 Aircross 1.6 THP Shine"
    }
  },
  {
    "model": "carros.versaoveiculo",
    "pk": 103,
    "fields": {
      "modelo": 41,
      "nome": "Jumpy 1.6 Turbo Business"
    }
  },
  {
    "model": "carros.versaoveiculo",
    "pk": 104,
    "fields": {
      "modelo": 41,
      "nome": "Jumpy 2.0 Diesel Multispace"
    }
  },
  {
    "model": "carros.versaoveiculo",
    "pk": 105,
    "fields": {
      "modelo": 42,
      "nome": "Jumper 2.3 Diesel Furgão"
    }
  },
  {
    "model": "carros.versaoveiculo",
    "pk": 106,
    "fields": {
      "modelo": 42,
      "nome": "Jumper 2.3 Diesel Minibus"
    }
  },
  {
    "model": "carros.versaoveiculo",
    "pk": 107,
    "fields": {
      "modelo": 43,
      "nome": "DS3 1.6 THP So Chic"
    }
  },
  {
    "model": "carros.versaoveiculo",
    "pk": 108,
    "fields": {
      "modelo": 43,
      "nome": "DS3 1.6 THP Sport Chic"
    }
  },
  {
    "model": "carros.versaoveiculo",
    "pk": 109,
    "fields": {
      "modelo": 44,
      "nome": "Argo 1.0"
    }
  },
  {
    "model": "carros.versaoveiculo",
    "pk": 110,
    "fields": {
      "modelo": 44,
      "nome": "Argo 1.3 Drive"
    }
  },
  {
    "model": "carros.versaoveiculo",
    "pk": 111,
    "fields": {
      "modelo": 44,
      "nome": "Argo 1.3 Trekking"
    }
  },
  {
    "model": "carros.versaoveiculo",
    "pk": 112,
    "fields": {
      "modelo": 44,
      "nome": "Argo 1.8 HGT"
    }
  },
  {
    "model": "carros.versaoveiculo",
    "pk": 113,
    "fields": {
      "modelo": 45,
      "nome": "Cronos 1.3 Drive"
    }
  },
  {
    "model": "carros.versaoveiculo",
    "pk": 114,
    "fields": {
      "modelo": 45,
      "nome": "Cronos 1.3 Drive Pack Plus"
    }
  },
  {
    "model": "carros.versaoveiculo",
    "pk": 115,
    "fields": {
      "modelo": 45,
      "nome": "Cronos 1.8 Precision AT"
    }
  },
  {
    "model": "carros.versaoveiculo",
    "pk": 116,
    "fields": {
      "modelo": 46,
      "nome": "Toro 1.8 Freedom AT6"
    }
  },
  {
    "model": "carros.versaoveiculo",
    "pk": 117,
    "fields": {
      "modelo": 46,
      "nome": "Toro 2.0 Diesel Volcano AT9 4x4"
    }
  },
  {
    "model": "carros.versaoveiculo",
    "pk": 118,
    "fields": {
      "modelo": 46,
      "nome": "Toro 2.0 Diesel Ranch AT9 4x4"
    }
  },
  {
    "model": "carros.versaoveiculo",
    "pk": 119,
    "fields": {
      "modelo": 46,
      "nome": "Toro 1.3 Turbo Volcano"
    }
  },
  {
    "model": "carros.versaoveiculo",
    "pk": 120,
    "fields": {
      "modelo": 47,
      "nome": "Pulse 1.0 Turbo Drive"
    }
  },
  {
    "model": "carros.versaoveiculo",
    "pk": 121,
    "fields": {
      "modelo": 47,
      "nome": "Pulse 1.0 Turbo Audace"
    }
  },
  {
    "model": "carros.versaoveiculo",
    "pk": 122,
    "fields": {
      "modelo": 47,
      "nome": "Pulse 1.0 Turbo Impetus"
    }
  },
  {
    "model": "carros.versaoveiculo",
    "pk": 123,
    "fields": {
      "modelo": 47,
      "nome": "Pulse Abarth 1.3 Turbo"
    }
  },
  {
    "model": "carros.versaoveiculo",
    "pk": 124,
    "fields": {
      "modelo": 48,
      "nome": "Mobi 1.0 Like"
    }
  },
  {
    "model": "carros.versaoveiculo",
    "pk": 125,
    "fields": {
      "modelo": 48,
      "nome": "Mobi 1.0 Trekking"
    }
  },
  {
    "model": "carros.versaoveiculo",
    "pk": 126,
    "fields": {
      "modelo": 48,
      "nome": "Mobi 1.0 Easy"
    }
  },
  {
    "model": "carros.versaoveiculo",
    "pk": 127,
    "fields": {
      "modelo": 49,
      "nome": "Ka 1.0 S"
    }
  },
  {
    "model": "carros.versaoveiculo",
    "pk": 128,
    "fields": {
      "modelo": 49,
      "nome": "Ka 1.0 SE"
    }
  },
  {
    "model": "carros.versaoveiculo",
    "pk": 129,
    "fields": {
      "modelo": 49,
      "nome": "Ka 1.5 SE"
    }
  },
  {
    "model": "carros.versaoveiculo",
    "pk": 130,
    "fields": {
      "modelo": 49,
      "nome": "Ka 1.5 FreeStyle"
    }
  },
  {
    "model": "carros.versaoveiculo",
    "pk": 131,
    "fields": {
      "modelo": 50,
      "nome": "Ka Sedan 1.0 SE"
    }
  },
  {
    "model": "carros.versaoveiculo",
    "pk": 132,
    "fields": {
      "modelo": 50,
      "nome": "Ka Sedan 1.0 SE Plus"
    }
  },
  {
    "model": "carros.versaoveiculo",
    "pk": 133,
    "fields": {
      "modelo": 50,
      "nome": "Ka Sedan 1.5 SE"
    }
  },
  {
    "model": "carros.versaoveiculo",
    "pk": 134,
    "fields": {
      "modelo": 50,
      "nome": "Ka Sedan 1.5 Titanium"
    }
  },
  {
    "model": "carros.versaoveiculo",
    "pk": 135,
    "fields": {
      "modelo": 51,
      "nome": "Ranger 2.2 XLS 4x2 AT"
    }
  },
  {
    "model": "carros.versaoveiculo",
    "pk": 136,
    "fields": {
      "modelo": 51,
      "nome": "Ranger 2.2 XLS 4x4 MT"
    }
  },
  {
    "model": "carros.versaoveiculo",
    "pk": 137,
    "fields": {
      "modelo": 51,
      "nome": "Ranger 3.2 XLT 4x4 AT"
    }
  },
  {
    "model": "carros.versaoveiculo",
    "pk": 138,
    "fields": {
      "modelo": 51,
      "nome": "Ranger 3.2 Limited 4x4 AT"
    }
  },
  {
    "model": "carros.versaoveiculo",
    "pk": 139,
    "fields": {
      "modelo": 52,
      "nome": "EcoSport 1.5 SE"
    }
  },
  {
    "model": "carros.versaoveiculo",
    "pk": 140,
    "fields": {
      "modelo": 52,
      "nome": "EcoSport 1.5 FreeStyle"
    }
  },
  {
    "model": "carros.versaoveiculo",
    "pk": 141,
    "fields": {
      "modelo": 52,
      "nome": "EcoSport 2.0 Titanium AT"
    }
  },
  {
    "model": "carros.versaoveiculo",
    "pk": 142,
    "fields": {
      "modelo": 52,
      "nome": "EcoSport Storm 2.0 4x4"
    }
  },
  {
    "model": "carros.versaoveiculo",
    "pk": 143,
    "fields": {
      "modelo": 53,
      "nome": "Territory 1.5 EcoBoost SEL"
    }
  },
  {
    "model": "carros.versaoveiculo",
    "pk": 144,
    "fields": {
      "modelo": 53,
      "nome": "Territory 1.5 EcoBoost Titanium"
    }
  },
  {
    "model": "carros.versaoveiculo",
    "pk": 145,
    "fields": {
      "modelo": 54,
      "nome": "Fusion 2.5 Flex SE"
    }
  },
  {
    "model": "carros.versaoveiculo",
    "pk": 146,
    "fields": {
      "modelo": 54,
      "nome": "Fusion 2.0 EcoBoost SEL"
    }
  },
  {
    "model": "carros.versaoveiculo",
    "pk": 147,
    "fields": {
      "modelo": 54,
      "nome": "Fusion 2.0 EcoBoost Titanium"
    }
  },
  {
    "model": "carros.versaoveiculo",
    "pk": 148,
    "fields": {
      "modelo": 54,
      "nome": "Fusion Hybrid Titanium"
    }
  },
  {
    "model": "carros.versaoveiculo",
    "pk": 149,
    "fields": {
      "modelo": 55,
      "nome": "HB20 1.0 Sense"
    }
  },
  {
    "model": "carros.versaoveiculo",
    "pk": 150,
    "fields": {
      "modelo": 55,
      "nome": "HB20 1.0 Comfort"
    }
  },
  {
    "model": "carros.versaoveiculo",
    "pk": 151,
    "fields": {
      "modelo": 55,
      "nome": "HB20 1.0 Turbo Evolution"
    }
  },
  {
    "model": "carros.versaoveiculo",
    "pk": 152,
    "fields": {
      "modelo": 55,
      "nome": "HB20 1.0 Turbo Platinum"
    }
  },
  {
    "model": "carros.versaoveiculo",
    "pk": 153,
    "fields": {
      "modelo": 56,
      "nome": "HB20S 1.0 Comfort"
    }
  },
  {
    "model": "carros.versaoveiculo",
    "pk": 154,
    "fields": {
      "modelo": 56,
      "nome": "HB20S 1.0 Vision"
    }
  },
  {
    "model": "carros.versaoveiculo",
    "pk": 155,
    "fields": {
      "modelo": 56,
      "nome": "HB20S 1.0 Turbo Platinum"
    }
  },
  {
    "model": "carros.versaoveiculo",
    "pk": 156,
    "fields": {
      "modelo": 57,
      "nome": "Creta 1.6 Attitude"
    }
  },
  {
    "model": "carros.versaoveiculo",
    "pk": 157,
    "fields": {
      "modelo": 57,
      "nome": "Creta 1.6 Action"
    }
  },
  {
    "model": "carros.versaoveiculo",
    "pk": 158,
    "fields": {
      "modelo": 57,
      "nome": "Creta 2.0 Prestige"
    }
  },
  {
    "model": "carros.versaoveiculo",
    "pk": 159,
    "fields": {
      "modelo": 57,
      "nome": "Creta 2.0 Ultimate"
    }
  },
  {
    "model": "carros.versaoveiculo",
    "pk": 160,
    "fields": {
      "modelo": 58,
      "nome": "Tucson 2.0 GLS"
    }
  },
  {
    "model": "carros.versaoveiculo",
    "pk": 161,
    "fields": {
      "modelo": 58,
      "nome": "Tucson 2.0 Flex"
    }
  },
  {
    "model": "carros.versaoveiculo",
    "pk": 162,
    "fields": {
      "modelo": 59,
      "nome": "New Tucson 1.6 Turbo GLS"
    }
  },
  {
    "model": "carros.versaoveiculo",
    "pk": 163,
    "fields": {
      "modelo": 59,
      "nome": "New Tucson 1.6 Turbo GLS Tech"
    }
  },
  {
    "model": "carros.versaoveiculo",
    "pk": 164,
    "fields": {
      "modelo": 59,
      "nome": "New Tucson 2.0 Flex Prestige"
    }
  },
  {
    "model": "carros.versaoveiculo",
    "pk": 165,
    "fields": {
      "modelo": 60,
      "nome": "Santa Fe 3.3 V6 GLS"
    }
  },
  {
    "model": "carros.versaoveiculo",
    "pk": 166,
    "fields": {
      "modelo": 60,
      "nome": "Santa Fe 3.3 V6 Top"
    }
  },
  {
    "model": "carros.versaoveiculo",
    "pk": 167,
    "fields": {
      "modelo": 60,
      "nome": "Santa Fe 3.5 V6 Ultimate"
    }
  },
  {
    "model": "carros.versaoveiculo",
    "pk": 168,
    "fields": {
      "modelo": 61,
      "nome": "ix35 2.0 Flex"
    }
  },
  {
    "model": "carros.versaoveiculo",
    "pk": 169,
    "fields": {
      "modelo": 61,
      "nome": "ix35 2.0 GLS"
    }
  },
  {
    "model": "carros.versaoveiculo",
    "pk": 170,
    "fields": {
      "modelo": 61,
      "nome": "ix35 2.0 Top"
    }
  },
  {
    "model": "carros.versaoveiculo",
    "pk": 171,
    "fields": {
      "modelo": 62,
      "nome": "Civic 2.0 Sport"
    }
  },
  {
    "model": "carros.versaoveiculo",
    "pk": 172,
    "fields": {
      "modelo": 62,
      "nome": "Civic 2.0 EX"
    }
  },
  {
    "model": "carros.versaoveiculo",
    "pk": 173,
    "fields": {
      "modelo": 62,
      "nome": "Civic 2.0 EXL"
    }
  },
  {
    "model": "carros.versaoveiculo",
    "pk": 174,
    "fields": {
      "modelo": 62,
      "nome": "Civic 1.5 Turbo Touring"
    }
  },
  {
    "model": "carros.versaoveiculo",
    "pk": 175,
    "fields": {
      "modelo": 62,
      "nome": "Civic Si Coupé 1.5 Turbo"
    }
  },
  {
    "model": "carros.versaoveiculo",
    "pk": 176,
    "fields": {
      "modelo": 63,
      "nome": "HR-V 1.8 LX"
    }
  },
  {
    "model": "carros.versaoveiculo",
    "pk": 177,
    "fields": {
      "modelo": 63,
      "nome": "HR-V 1.8 EX"
    }
  },
  {
    "model": "carros.versaoveiculo",
    "pk": 178,
    "fields": {
      "modelo": 63,
      "nome": "HR-V 1.8 EXL"
    }
  },
  {
    "model": "carros.versaoveiculo",
    "pk": 179,
    "fields": {
      "modelo": 63,
      "nome": "HR-V 1.5 Turbo Touring"
    }
  },
  {
    "model": "carros.versaoveiculo",
    "pk": 180,
    "fields": {
      "modelo": 63,
      "nome": "HR-V Advance 1.5 DI DOHC"
    }
  },
  {
    "model": "carros.versaoveiculo",
    "pk": 181,
    "fields": {
      "modelo": 63,
      "nome": "HR-V EX Honda Sensing"
    }
  },
  {
    "model": "carros.versaoveiculo",
    "pk": 182,
    "fields": {
      "modelo": 64,
      "nome": "Renegade 1.8 Flex Sport"
    }
  },
  {
    "model": "carros.versaoveiculo",
    "pk": 183,
    "fields": {
      "modelo": 64,
      "nome": "Renegade 1.8 Flex Longitude"
    }
  },
  {
    "model": "carros.versaoveiculo",
    "pk": 184,
    "fields": {
      "modelo": 64,
      "nome": "Renegade 1.3 Turbo T270 Sport"
    }
  },
  {
    "model": "carros.versaoveiculo",
    "pk": 185,
    "fields": {
      "modelo": 64,
      "nome": "Renegade 1.3 Turbo T270 Longitude"
    }
  },
  {
    "model": "carros.versaoveiculo",
    "pk": 186,
    "fields": {
      "modelo": 64,
      "nome": "Renegade 1.3 Turbo T270 Limited"
    }
  },
  {
    "model": "carros.versaoveiculo",
    "pk": 187,
    "fields": {
      "modelo": 64,
      "nome": "Renegade Trailhawk 2.0 Diesel 4x4"
    }
  },
  {
    "model": "carros.versaoveiculo",
    "pk": 188,
    "fields": {
      "modelo": 65,
      "nome": "Compass 2.0 Flex Sport"
    }
  },
  {
    "model": "carros.versaoveiculo",
    "pk": 189,
    "fields": {
      "modelo": 65,
      "nome": "Compass 2.0 Flex Longitude"
    }
  },
  {
    "model": "carros.versaoveiculo",
    "pk": 190,
    "fields": {
      "modelo": 65,
      "nome": "Compass 1.3 Turbo T270 Longitude"
    }
  },
  {
    "model": "carros.versaoveiculo",
    "pk": 191,
    "fields": {
      "modelo": 65,
      "nome": "Compass 1.3 Turbo T270 Limited"
    }
  },
  {
    "model": "carros.versaoveiculo",
    "pk": 192,
    "fields": {
      "modelo": 65,
      "nome": "Compass 1.3 Turbo T270 S"
    }
  },
  {
    "model": "carros.versaoveiculo",
    "pk": 193,
    "fields": {
      "modelo": 65,
      "nome": "Compass 2.0 Diesel Trailhawk 4x4"
    }
  },
  {
    "model": "carros.versaoveiculo",
    "pk": 194,
    "fields": {
      "modelo": 65,
      "nome": "Compass 2.0 Diesel Limited 4x4"
    }
  },
  {
    "model": "carros.versaoveiculo",
    "pk": 195,
    "fields": {
      "modelo": 66,
      "nome": "Commander 1.3 Turbo T270 Limited"
    }
  },
  {
    "model": "carros.versaoveiculo",
    "pk": 196,
    "fields": {
      "modelo": 66,
      "nome": "Commander 1.3 Turbo T270 Overland"
    }
  },
  {
    "model": "carros.versaoveiculo",
    "pk": 197,
    "fields": {
      "modelo": 66,
      "nome": "Commander 2.0 Diesel Limited 4x4"
    }
  },
  {
    "model": "carros.versaoveiculo",
    "pk": 198,
    "fields": {
      "modelo": 66,
      "nome": "Commander 2.0 Diesel Overland 4x4"
    }
  },
  {
    "model": "carros.versaoveiculo",
    "pk": 199,
    "fields": {
      "modelo": 66,
      "nome": "Commander Blackhawk 1.3 Turbo"
    }
  },
  {
    "model": "carros.versaoveiculo",
    "pk": 200,
    "fields": {
      "modelo": 67,
      "nome": "Lancer 2.0 HL"
    }
  },
  {
    "model": "carros.versaoveiculo",
    "pk": 201,
    "fields": {
      "modelo": 67,
      "nome": "Lancer 2.0 HLE"
    }
  },
  {
    "model": "carros.versaoveiculo",
    "pk": 202,
    "fields": {
      "modelo": 67,
      "nome": "Lancer 2.0 GT"
    }
  },
  {
    "model": "carros.versaoveiculo",
    "pk": 203,
    "fields": {
      "modelo": 67,
      "nome": "Lancer Evolution X 2.0 Turbo"
    }
  },
  {
    "model": "carros.versaoveiculo",
    "pk": 204,
    "fields": {
      "modelo": 68,
      "nome": "ASX 2.0 GLX"
    }
  },
  {
    "model": "carros.versaoveiculo",
    "pk": 205,
    "fields": {
      "modelo": 68,
      "nome": "ASX 2.0 GLS"
    }
  },
  {
    "model": "carros.versaoveiculo",
    "pk": 206,
    "fields": {
      "modelo": 68,
      "nome": "ASX 2.0 AWD"
    }
  },
  {
    "model": "carros.versaoveiculo",
    "pk": 207,
    "fields": {
      "modelo": 69,
      "nome": "Outlander 2.0 CVT"
    }
  },
  {
    "model": "carros.versaoveiculo",
    "pk": 208,
    "fields": {
      "modelo": 69,
      "nome": "Outlander 2.2 Diesel AWD"
    }
  },
  {
    "model": "carros.versaoveiculo",
    "pk": 209,
    "fields": {
      "modelo": 69,
      "nome": "Outlander 3.0 V6 GT 4x4"
    }
  },
  {
    "model": "carros.versaoveiculo",
    "pk": 210,
    "fields": {
      "modelo": 70,
      "nome": "Pajero TR4 2.0 4x4"
    }
  },
  {
    "model": "carros.versaoveiculo",
    "pk": 211,
    "fields": {
      "modelo": 70,
      "nome": "Pajero Full 3.2 Diesel HPE 4x4"
    }
  },
  {
    "model": "carros.versaoveiculo",
    "pk": 212,
    "fields": {
      "modelo": 70,
      "nome": "Pajero Full 3.8 V6 HPE 4x4"
    }
  },
  {
    "model": "carros.versaoveiculo",
    "pk": 213,
    "fields": {
      "modelo": 71,
      "nome": "Sportage 2.0 LX"
    }
  },
  {
    "model": "carros.versaoveiculo",
    "pk": 214,
    "fields": {
      "modelo": 71,
      "nome": "Sportage 2.0 EX"
    }
  },
  {
    "model": "carros.versaoveiculo",
    "pk": 215,
    "fields": {
      "modelo": 71,
      "nome": "Sportage 2.0 EX2"
    }
  },
  {
    "model": "carros.versaoveiculo",
    "pk": 216,
    "fields": {
      "modelo": 71,
      "nome": "Sportage 2.0 SX"
    }
  },
  {
    "model": "carros.versaoveiculo",
    "pk": 217,
    "fields": {
      "modelo": 72,
      "nome": "Sorento 2.4 EX"
    }
  },
  {
    "model": "carros.versaoveiculo",
    "pk": 218,
    "fields": {
      "modelo": 72,
      "nome": "Sorento 3.3 V6 EX"
    }
  },
  {
    "model": "carros.versaoveiculo",
    "pk": 219,
    "fields": {
      "modelo": 72,
      "nome": "Sorento 3.5 V6 SX"
    }
  },
  {
    "model": "carros.versaoveiculo",
    "pk": 220,
    "fields": {
      "modelo": 72,
      "nome": "Sorento 2.2 Diesel SX 4x4"
    }
  },
  {
    "model": "carros.versaoveiculo",
    "pk": 221,
    "fields": {
      "modelo": 73,
      "nome": "Cerato 1.6 SX"
    }
  },
  {
    "model": "carros.versaoveiculo",
    "pk": 222,
    "fields": {
      "modelo": 73,
      "nome": "Cerato 1.6 EX"
    }
  },
  {
    "model": "carros.versaoveiculo",
    "pk": 223,
    "fields": {
      "modelo": 73,
      "nome": "Cerato 2.0 SX"
    }
  },
  {
    "model": "carros.versaoveiculo",
    "pk": 224,
    "fields": {
      "modelo": 73,
      "nome": "Cerato 2.0 Prestige"
    }
  },
  {
    "model": "carros.versaoveiculo",
    "pk": 225,
    "fields": {
      "modelo": 74,
      "nome": "XC40 T4 Momentum"
    }
  },
  {
    "model": "carros.versaoveiculo",
    "pk": 226,
    "fields": {
      "modelo": 74,
      "nome": "XC40 T5 R-Design"
    }
  },
  {
    "model": "carros.versaoveiculo",
    "pk": 227,
    "fields": {
      "modelo": 74,
      "nome": "XC40 T5 Inscription"
    }
  },
  {
    "model": "carros.versaoveiculo",
    "pk": 228,
    "fields": {
      "modelo": 74,
      "nome": "XC40 Recharge Pure Electric"
    }
  },
  {
    "model": "carros.versaoveiculo",
    "pk": 229,
    "fields": {
      "modelo": 75,
      "nome": "XC60 T5 Momentum"
    }
  },
  {
    "model": "carros.versaoveiculo",
    "pk": 230,
    "fields": {
      "modelo": 75,
      "nome": "XC60 T5 R-Design"
    }
  },
  {
    "model": "carros.versaoveiculo",
    "pk": 231,
    "fields": {
      "modelo": 75,
      "nome": "XC60 B5 Inscription"
    }
  },
  {
    "model": "carros.versaoveiculo",
    "pk": 232,
    "fields": {
      "modelo": 75,
      "nome": "XC60 Recharge Plug-in Hybrid"
    }
  },
  {
    "model": "carros.versaoveiculo",
    "pk": 233,
    "fields": {
      "modelo": 75,
      "nome": "XC60 Polestar Engineered"
    }
  },
  {
    "model": "carros.versaoveiculo",
    "pk": 234,
    "fields": {
      "modelo": 76,
      "nome": "XC90 T5 Momentum"
    }
  },
  {
    "model": "carros.versaoveiculo",
    "pk": 235,
    "fields": {
      "modelo": 76,
      "nome": "XC90 T6 Inscription"
    }
  },
  {
    "model": "carros.versaoveiculo",
    "pk": 236,
    "fields": {
      "modelo": 76,
      "nome": "XC90 B6 R-Design"
    }
  },
  {
    "model": "carros.versaoveiculo",
    "pk": 237,
    "fields": {
      "modelo": 76,
      "nome": "XC90 Recharge Plug-in Hybrid"
    }
  },
  {
    "model": "carros.versaoveiculo",
    "pk": 238,
    "fields": {
      "modelo": 77,
      "nome": "Discovery Sport 2.0 SE"
    }
  },
  {
    "model": "carros.versaoveiculo",
    "pk": 239,
    "fields": {
      "modelo": 77,
      "nome": "Discovery Sport 2.0 HSE"
    }
  },
  {
    "model": "carros.versaoveiculo",
    "pk": 240,
    "fields": {
      "modelo": 77,
      "nome": "Discovery Sport 2.0 R-Dynamic SE"
    }
  },
  {
    "model": "carros.versaoveiculo",
    "pk": 241,
    "fields": {
      "modelo": 77,
      "nome": "Discovery Sport 2.0 R-Dynamic HSE"
    }
  },
  {
    "model": "carros.versaoveiculo",
    "pk": 242,
    "fields": {
      "modelo": 78,
      "nome": "Range Rover Evoque 2.0 SE"
    }
  },
  {
    "model": "carros.versaoveiculo",
    "pk": 243,
    "fields": {
      "modelo": 78,
      "nome": "Range Rover Evoque 2.0 R-Dynamic SE"
    }
  },
  {
    "model": "carros.versaoveiculo",
    "pk": 244,
    "fields": {
      "modelo": 78,
      "nome": "Range Rover Evoque 2.0 R-Dynamic HSE"
    }
  },
  {
    "model": "carros.versaoveiculo",
    "pk": 245,
    "fields": {
      "modelo": 78,
      "nome": "Range Rover Evoque P300e Plug-in Hybrid"
    }
  },
  {
    "model": "carros.versaoveiculo",
    "pk": 246,
    "fields": {
      "modelo": 79,
      "nome": "Range Rover Velar 2.0 S"
    }
  },
  {
    "model": "carros.versaoveiculo",
    "pk": 247,
    "fields": {
      "modelo": 79,
      "nome": "Range Rover Velar 2.0 R-Dynamic S"
    }
  },
  {
    "model": "carros.versaoveiculo",
    "pk": 248,
    "fields": {
      "modelo": 79,
      "nome": "Range Rover Velar 3.0 V6 R-Dynamic HSE"
    }
  },
  {
    "model": "carros.versaoveiculo",
    "pk": 249,
    "fields": {
      "modelo": 79,
      "nome": "Range Rover Velar P400e Plug-in Hybrid"
    }
  },
  {
    "model": "carros.versaoveiculo",
    "pk": 250,
    "fields": {
      "modelo": 80,
      "nome": "A 200 1.3 Turbo Style"
    }
  },
  {
    "model": "carros.versaoveiculo",
    "pk": 251,
    "fields": {
      "modelo": 80,
      "nome": "A 200 1.3 Turbo Progressive"
    }
  },
  {
    "model": "carros.versaoveiculo",
    "pk": 252,
    "fields": {
      "modelo": 80,
      "nome": "A 250 2.0 Turbo AMG Line"
    }
  },
  {
    "model": "carros.versaoveiculo",
    "pk": 253,
    "fields": {
      "modelo": 80,
      "nome": "A 35 AMG 2.0 Turbo 4MATIC"
    }
  },
  {
    "model": "carros.versaoveiculo",
    "pk": 254,
    "fields": {
      "modelo": 81,
      "nome": "C 180 Avantgarde"
    }
  },
  {
    "model": "carros.versaoveiculo",
    "pk": 255,
    "fields": {
      "modelo": 81,
      "nome": "C 180 Exclusive"
    }
  },
  {
    "model": "carros.versaoveiculo",
    "pk": 256,
    "fields": {
      "modelo": 81,
      "nome": "C 200 EQ Boost Avantgarde"
    }
  },
  {
    "model": "carros.versaoveiculo",
    "pk": 257,
    "fields": {
      "modelo": 81,
      "nome": "C 200 EQ Boost Exclusive"
    }
  },
  {
    "model": "carros.versaoveiculo",
    "pk": 258,
    "fields": {
      "modelo": 81,
      "nome": "C 300 AMG Line"
    }
  },
  {
    "model": "carros.versaoveiculo",
    "pk": 259,
    "fields": {
      "modelo": 82,
      "nome": "GLA 200 Style"
    }
  },
  {
    "model": "carros.versaoveiculo",
    "pk": 260,
    "fields": {
      "modelo": 82,
      "nome": "GLA 200 Progressive"
    }
  },
  {
    "model": "carros.versaoveiculo",
    "pk": 261,
    "fields": {
      "modelo": 82,
      "nome": "GLA 250 AMG Line"
    }
  },
  {
    "model": "carros.versaoveiculo",
    "pk": 262,
    "fields": {
      "modelo": 82,
      "nome": "GLA 35 AMG 2.0 Turbo 4MATIC"
    }
  },
  {
    "model": "carros.versaoveiculo",
    "pk": 263,
    "fields": {
      "modelo": 83,
      "nome": "Corolla 2.0 GLi"
    }
  },
  {
    "model": "carros.versaoveiculo",
    "pk": 264,
    "fields": {
      "modelo": 83,
      "nome": "Corolla 2.0 XEi"
    }
  },
  {
    "model": "carros.versaoveiculo",
    "pk": 265,
    "fields": {
      "modelo": 83,
      "nome": "Corolla 2.0 Altis"
    }
  },
  {
    "model": "carros.versaoveiculo",
    "pk": 266,
    "fields": {
      "modelo": 83,
      "nome": "Corolla Altis Hybrid"
    }
  },
  {
    "model": "carros.versaoveiculo",
    "pk": 267,
    "fields": {
      "modelo": 83,
      "nome": "Corolla GR-Sport 2.0"
    }
  },
  {
    "model": "carros.versaoveiculo",
    "pk": 268,
    "fields": {
      "modelo": 84,
      "nome": "Hilux 2.8 SR Diesel"
    }
  },
  {
    "model": "carros.versaoveiculo",
    "pk": 269,
    "fields": {
      "modelo": 84,
      "nome": "Hilux 2.8 SRV Diesel"
    }
  },
  {
    "model": "carros.versaoveiculo",
    "pk": 270,
    "fields": {
      "modelo": 84,
      "nome": "Hilux 2.8 SRX Diesel"
    }
  },
  {
    "model": "carros.versaoveiculo",
    "pk": 271,
    "fields": {
      "modelo": 84,
      "nome": "Hilux 2.8 GR-Sport Diesel"
    }
  },
  {
    "model": "carros.versaoveiculo",
    "pk": 272,
    "fields": {
      "modelo": 84,
      "nome": "Hilux 2.7 Flex SRV"
    }
  },
  {
    "model": "carros.versaoveiculo",
    "pk": 273,
    "fields": {
      "modelo": 85,
      "nome": "Yaris 1.3 XL"
    }
  },
  {
    "model": "carros.versaoveiculo",
    "pk": 274,
    "fields": {
      "modelo": 85,
      "nome": "Yaris 1.5 XS"
    }
  },
  {
    "model": "carros.versaoveiculo",
    "pk": 275,
    "fields": {
      "modelo": 85,
      "nome": "Yaris 1.5 XLS"
    }
  },
  {
    "model": "carros.versaoveiculo",
    "pk": 276,
    "fields": {
      "modelo": 85,
      "nome": "Yaris Sedan 1.5 XL"
    }
  },
  {
    "model": "carros.versaoveiculo",
    "pk": 277,
    "fields": {
      "modelo": 85,
      "nome": "Yaris Sedan 1.5 XLS"
    }
  },
  {
    "model": "carros.versaoveiculo",
    "pk": 278,
    "fields": {
      "modelo": 86,
      "nome": "Gol 1.0 MPI"
    }
  },
  {
    "model": "carros.versaoveiculo",
    "pk": 279,
    "fields": {
      "modelo": 86,
      "nome": "Gol 1.6 MSI"
    }
  },
  {
    "model": "carros.versaoveiculo",
    "pk": 280,
    "fields": {
      "modelo": 86,
      "nome": "Gol 1.6 MSI Automático"
    }
  },
  {
    "model": "carros.versaoveiculo",
    "pk": 281,
    "fields": {
      "modelo": 86,
      "nome": "Gol 1.0 Trendline"
    }
  },
  {
    "model": "carros.versaoveiculo",
    "pk": 282,
    "fields": {
      "modelo": 86,
      "nome": "Gol 1.6 Rallye"
    }
  },
  {
    "model": "carros.versaoveiculo",
    "pk": 283,
    "fields": {
      "modelo": 87,
      "nome": "Polo 1.0 MPI"
    }
  },
  {
    "model": "carros.versaoveiculo",
    "pk": 284,
    "fields": {
      "modelo": 87,
      "nome": "Polo 1.6 MSI"
    }
  },
  {
    "model": "carros.versaoveiculo",
    "pk": 285,
    "fields": {
      "modelo": 87,
      "nome": "Polo Comfortline 1.0 TSI"
    }
  },
  {
    "model": "carros.versaoveiculo",
    "pk": 286,
    "fields": {
      "modelo": 87,
      "nome": "Polo Highline 1.0 TSI"
    }
  },
  {
    "model": "carros.versaoveiculo",
    "pk": 287,
    "fields": {
      "modelo": 87,
      "nome": "Polo GTS 1.4 TSI"
    }
  },
  {
    "model": "carros.versaoveiculo",
    "pk": 288,
    "fields": {
      "modelo": 88,
      "nome": "T-Cross 1.0 TSI Sense"
    }
  },
  {
    "model": "carros.versaoveiculo",
    "pk": 289,
    "fields": {
      "modelo": 88,
      "nome": "T-Cross 1.0 TSI Comfortline"
    }
  },
  {
    "model": "carros.versaoveiculo",
    "pk": 290,
    "fields": {
      "modelo": 88,
      "nome": "T-Cross 1.0 TSI Highline"
    }
  },
  {
    "model": "carros.versaoveiculo",
    "pk": 291,
    "fields": {
      "modelo": 88,
      "nome": "T-Cross 1.4 TSI Highline"
    }
  },
  {
    "model": "carros.versaoveiculo",
    "pk": 292,
    "fields": {
      "modelo": 88,
      "nome": "T-Cross Comfortline Black"
    }
  },
  {
    "model": "carros.versaoveiculo",
    "pk": 293,
    "fields": {
      "modelo": 89,
      "nome": "208 Like 1.0"
    }
  },
  {
    "model": "carros.versaoveiculo",
    "pk": 294,
    "fields": {
      "modelo": 89,
      "nome": "208 Active 1.6"
    }
  },
  {
    "model": "carros.versaoveiculo",
    "pk": 295,
    "fields": {
      "modelo": 89,
      "nome": "208 Allure 1.6"
    }
  },
  {
    "model": "carros.versaoveiculo",
    "pk": 296,
    "fields": {
      "modelo": 89,
      "nome": "208 Griffe 1.6"
    }
  },
  {
    "model": "carros.versaoveiculo",
    "pk": 297,
    "fields": {
      "modelo": 89,
      "nome": "208 e-GT (Elétrico)"
    }
  },
  {
    "model": "carros.versaoveiculo",
    "pk": 298,
    "fields": {
      "modelo": 90,
      "nome": "2008 Allure 1.6"
    }
  },
  {
    "model": "carros.versaoveiculo",
    "pk": 299,
    "fields": {
      "modelo": 90,
      "nome": "2008 Griffe 1.6"
    }
  },
  {
    "model": "carros.versaoveiculo",
    "pk": 300,
    "fields": {
      "modelo": 90,
      "nome": "2008 Griffe Pack 1.6 Turbo"
    }
  },
  {
    "model": "carros.versaoveiculo",
    "pk": 301,
    "fields": {
      "modelo": 90,
      "nome": "2008 e-2008 (Elétrico)"
    }
  },
  {
    "model": "carros.versaoveiculo",
    "pk": 302,
    "fields": {
      "modelo": 91,
      "nome": "3008 Griffe 1.6 THP"
    }
  },
  {
    "model": "carros.versaoveiculo",
    "pk": 303,
    "fields": {
      "modelo": 91,
      "nome": "3008 Griffe Pack 1.6 THP"
    }
  },
  {
    "model": "carros.versaoveiculo",
    "pk": 304,
    "fields": {
      "modelo": 91,
      "nome": "3008 GT Pack 1.6 THP"
    }
  },
  {
    "model": "carros.versaoveiculo",
    "pk": 305,
    "fields": {
      "modelo": 91,
      "nome": "3008 Hybrid4 Plug-in Hybrid"
    }
  },
  {
    "model": "carros.versaoveiculo",
    "pk": 306,
    "fields": {
      "modelo": 92,
      "nome": "Kwid Zen 1.0"
    }
  },
  {
    "model": "carros.versaoveiculo",
    "pk": 307,
    "fields": {
      "modelo": 92,
      "nome": "Kwid Intense 1.0"
    }
  },
  {
    "model": "carros.versaoveiculo",
    "pk": 308,
    "fields": {
      "modelo": 92,
      "nome": "Kwid Outsider 1.0"
    }
  },
  {
    "model": "carros.versaoveiculo",
    "pk": 309,
    "fields": {
      "modelo": 92,
      "nome": "Kwid E-Tech (Elétrico)"
    }
  },
  {
    "model": "carros.versaoveiculo",
    "pk": 310,
    "fields": {
      "modelo": 93,
      "nome": "Sandero Authentique 1.0"
    }
  },
  {
    "model": "carros.versaoveiculo",
    "pk": 311,
    "fields": {
      "modelo": 93,
      "nome": "Sandero Expression 1.0"
    }
  },
  {
    "model": "carros.versaoveiculo",
    "pk": 312,
    "fields": {
      "modelo": 93,
      "nome": "Sandero GT Line 1.6"
    }
  },
  {
    "model": "carros.versaoveiculo",
    "pk": 313,
    "fields": {
      "modelo": 93,
      "nome": "Sandero R.S 2.0"
    }
  },
  {
    "model": "carros.versaoveiculo",
    "pk": 314,
    "fields": {
      "modelo": 94,
      "nome": "Duster Zen 1.6"
    }
  },
  {
    "model": "carros.versaoveiculo",
    "pk": 315,
    "fields": {
      "modelo": 94,
      "nome": "Duster Intense 1.6"
    }
  },
  {
    "model": "carros.versaoveiculo",
    "pk": 316,
    "fields": {
      "modelo": 94,
      "nome": "Duster Iconic 1.3 Turbo"
    }
  },
  {
    "model": "carros.versaoveiculo",
    "pk": 317,
    "fields": {
      "modelo": 94,
      "nome": "Duster Outsider 1.3 Turbo"
    }
  },
  {
    "model": "carros.versaoveiculo",
    "pk": 318,
    "fields": {
      "modelo": 95,
      "nome": "March 1.0 S"
    }
  },
  {
    "model": "carros.versaoveiculo",
    "pk": 319,
    "fields": {
      "modelo": 95,
      "nome": "March 1.0 SV"
    }
  },
  {
    "model": "carros.versaoveiculo",
    "pk": 320,
    "fields": {
      "modelo": 95,
      "nome": "March 1.6 SV"
    }
  },
  {
    "model": "carros.versaoveiculo",
    "pk": 321,
    "fields": {
      "modelo": 95,
      "nome": "March 1.6 SL"
    }
  },
  {
    "model": "carros.versaoveiculo",
    "pk": 322,
    "fields": {
      "modelo": 95,
      "nome": "March Rio 2016 Edição Especial"
    }
  },
  {
    "model": "carros.versaoveiculo",
    "pk": 323,
    "fields": {
      "modelo": 96,
      "nome": "Versa 1.0 Sense"
    }
  },
  {
    "model": "carros.versaoveiculo",
    "pk": 324,
    "fields": {
      "modelo": 96,
      "nome": "Versa 1.6 Sense"
    }
  },
  {
    "model": "carros.versaoveiculo",
    "pk": 325,
    "fields": {
      "modelo": 96,
      "nome": "Versa 1.6 Advance"
    }
  },
  {
    "model": "carros.versaoveiculo",
    "pk": 326,
    "fields": {
      "modelo": 96,
      "nome": "Versa 1.6 Exclusive"
    }
  },
  {
    "model": "carros.versaoveiculo",
    "pk": 327,
    "fields": {
      "modelo": 96,
      "nome": "Versa V-Drive 1.0"
    }
  },
  {
    "model": "carros.versaoveiculo",
    "pk": 328,
    "fields": {
      "modelo": 97,
      "nome": "Kicks S 1.6 Manual"
    }
  },
  {
    "model": "carros.versaoveiculo",
    "pk": 329,
    "fields": {
      "modelo": 97,
      "nome": "Kicks S 1.6 CVT"
    }
  },
  {
    "model": "carros.versaoveiculo",
    "pk": 330,
    "fields": {
      "modelo": 97,
      "nome": "Kicks SV 1.6 CVT"
    }
  },
  {
    "model": "carros.versaoveiculo",
    "pk": 331,
    "fields": {
      "modelo": 97,
      "nome": "Kicks Exclusive 1.6 CVT"
    }
  },
  {
    "model": "carros.versaoveiculo",
    "pk": 332,
    "fields": {
      "modelo": 97,
      "nome": "Kicks XPlay 1.6"
    }
  },
  {
    "model": "carros.versaoveiculo",
    "pk": 90001,
    "fields": {
      "modelo": 98,
      "nome": "2.0"
    }
  },
  {
    "model": "carros.versaoveiculo",
    "pk": 90002,
    "fields": {
      "modelo": 98,
      "nome": "2.0 R-Design"
    }
  },
  {
    "model": "carros.versaoveiculo",
    "pk": 90003,
    "fields": {
      "modelo": 98,
      "nome": "T5 2.5 Turbo"
    }
  },
  {
    "model": "carros.versaoveiculo",
    "pk": 90004,
    "fields": {
      "modelo": 99,
      "nome": "SE 2.0 Turbo"
    }
  },
  {
    "model": "carros.versaoveiculo",
    "pk": 90005,
    "fields": {
      "modelo": 99,
      "nome": "Dynamic 2.0 Turbo"
    }
  },
  {
    "model": "carros.versaoveiculo",
    "pk": 90006,
    "fields": {
      "modelo": 99,
      "nome": "HSE Dynamic 2.0 Turbo"
    }
  },
  {
    "model": "carros.versaoveiculo",
    "pk": 90007,
    "fields": {
      "modelo": 99,
      "nome": "Pure Tech 2.0 Turbo"
    }
  },
  {
    "model": "carros.versaoveiculo",
    "pk": 90008,
    "fields": {
      "modelo": 100,
      "nome": "2.0i AWD"
    }
  },
  {
    "model": "carros.versaoveiculo",
    "pk": 90009,
    "fields": {
      "modelo": 100,
      "nome": "2.0 XT Turbo AWD"
    }
  },
  {
    "model": "carros.versaoveiculo",
    "pk": 90010,
    "fields": {
      "modelo": 100,
      "nome": "2.0i-S AWD"
    }
  },
  {
    "model": "carros.versaoveiculo",
    "pk": 90011,
    "fields": {
      "modelo": 101,
      "nome": "1.6i"
    }
  },
  {
    "model": "carros.versaoveiculo",
    "pk": 90012,
    "fields": {
      "modelo": 101,
      "nome": "2.0i"
    }
  },
  {
    "model": "carros.versaoveiculo",
    "pk": 90013,
    "fields": {
      "modelo": 101,
      "nome": "2.0i Sport"
    }
  },
  {
    "model": "carros.versaoveiculo",
    "pk": 90014,
    "fields": {
      "modelo": 102,
      "nome": "2.5i AWD"
    }
  },
  {
    "model": "carros.versaoveiculo",
    "pk": 90015,
    "fields": {
      "modelo": 102,
      "nome": "3.6R AWD"
    }
  },
  {
    "model": "carros.versaoveiculo",
    "pk": 90016,
    "fields": {
      "modelo": 103,
      "nome": "3.6R"
    }
  },
  {
    "model": "carros.versaoveiculo",
    "pk": 90017,
    "fields": {
      "modelo": 104,
      "nome": "4Sport 2.0"
    }
  },
  {
    "model": "carros.versaoveiculo",
    "pk": 90018,
    "fields": {
      "modelo": 104,
      "nome": "4Sport 4x4 2.0"
    }
  },
  {
    "model": "carros.versaoveiculo",
    "pk": 90019,
    "fields": {
      "modelo": 104,
      "nome": "4Sport 3.2 V6"
    }
  },
  {
    "model": "carros.versaoveiculo",
    "pk": 90020,
    "fields": {
      "modelo": 105,
      "nome": "4Work 1.3"
    }
  },
  {
    "model": "carros.versaoveiculo",
    "pk": 90021,
    "fields": {
      "modelo": 105,
      "nome": "4All 1.3"
    }
  },
  {
    "model": "carros.versaoveiculo",
    "pk": 90022,
    "fields": {
      "modelo": 105,
      "nome": "4Sport 1.3"
    }
  },
  {
    "model": "carros.versaoveiculo",
    "pk": 90023,
    "fields": {
      "modelo": 106,
      "nome": "2.0 AWD"
    }
  },
  {
    "model": "carros.versaoveiculo",
    "pk": 90024,
    "fields": {
      "modelo": 106,
      "nome": "2.0 4x2"
    }
  },
  {
    "model": "carros.versaoveiculo",
    "pk": 90025,
    "fields": {
      "modelo": 107,
      "nome": "XLE 3.5 V6"
    }
  },
  {
    "model": "carros.versaoveiculo",
    "pk": 90026,
    "fields": {
      "modelo": 107,
      "nome": "Hybrid XLE"
    }
  },
  {
    "model": "carros.versaoveiculo",
    "pk": 90027,
    "fields": {
      "modelo": 108,
      "nome": "4.0 V6 4x4"
    }
  },
  {
    "model": "carros.versaoveiculo",
    "pk": 90028,
    "fields": {
      "modelo": 109,
      "nome": "1.8 Hybrid"
    }
  },
  {
    "model": "carros.versaoveiculo",
    "pk": 90029,
    "fields": {
      "modelo": 109,
      "nome": "1.8 Hybrid Touring"
    }
  },
  {
    "model": "carros.versaoveiculo",
    "pk": 90030,
    "fields": {
      "modelo": 110,
      "nome": "3.0 Turbo GR"
    }
  },
  {
    "model": "carros.versaoveiculo",
    "pk": 90031,
    "fields": {
      "modelo": 110,
      "nome": "2.0 Turbo GR"
    }
  },
  {
    "model": "carros.versaoveiculo",
    "pk": 90032,
    "fields": {
      "modelo": 111,
      "nome": "T4 Momentum"
    }
  },
  {
    "model": "carros.versaoveiculo",
    "pk": 90033,
    "fields": {
      "modelo": 111,
      "nome": "T5 R-Design"
    }
  },
  {
    "model": "carros.versaoveiculo",
    "pk": 90034,
    "fields": {
      "modelo": 111,
      "nome": "Recharge Plug-in Hybrid"
    }
  },
  {
    "model": "carros.versaoveiculo",
    "pk": 90035,
    "fields": {
      "modelo": 112,
      "nome": "T5 Momentum"
    }
  },
  {
    "model": "carros.versaoveiculo",
    "pk": 90036,
    "fields": {
      "modelo": 112,
      "nome": "T6 R-Design"
    }
  },
  {
    "model": "carros.versaoveiculo",
    "pk": 90037,
    "fields": {
      "modelo": 112,
      "nome": "Recharge T8 Plug-in Hybrid"
    }
  },
  {
    "model": "carros.versaoveiculo",
    "pk": 90038,
    "fields": {
      "modelo": 113,
      "nome": "T6 Inscription"
    }
  },
  {
    "model": "carros.versaoveiculo",
    "pk": 90039,
    "fields": {
      "modelo": 113,
      "nome": "T8 Hybrid Inscription"
    }
  },
  {
    "model": "carros.versaoveiculo",
    "pk": 90040,
    "fields": {
      "modelo": 115,
      "nome": "1.6"
    }
  },
  {
    "model": "carros.versaoveiculo",
    "pk": 90041,
    "fields": {
      "modelo": 115,
      "nome": "1.6 I-Motion"
    }
  },
  {
    "model": "carros.versaoveiculo",
    "pk": 90042,
    "fields": {
      "modelo": 116,
      "nome": "Elétrico 136cv"
    }
  },
  {
    "model": "carros.versaoveiculo",
    "pk": 90043,
    "fields": {
      "modelo": 118,
      "nome": "1.4 TSI Plug-in Hybrid"
    }
  },
  {
    "model": "carros.versaoveiculo",
    "pk": 90044,
    "fields": {
      "modelo": 119,
      "nome": "Pro Performance 204cv"
    }
  },
  {
    "model": "carros.versaoveiculo",
    "pk": 90045,
    "fields": {
      "modelo": 119,
      "nome": "GTX 299cv"
    }
  },
  {
    "model": "carros.versaoveiculo",
    "pk": 90046,
    "fields": {
      "modelo": 120,
      "nome": "2.0 TSI GLI"
    }
  },
  {
    "model": "carros.versaoveiculo",
    "pk": 90047,
    "fields": {
      "modelo": 121,
      "nome": "Comfortline 1.0 TSI"
    }
  },
  {
    "model": "carros.versaoveiculo",
    "pk": 90048,
    "fields": {
      "modelo": 121,
      "nome": "Highline 1.0 TSI"
    }
  },
  {
    "model": "carros.versaoveiculo",
    "pk": 90049,
    "fields": {
      "modelo": 122,
      "nome": "2.0 TSI"
    }
  },
  {
    "model": "carros.versaoveiculo",
    "pk": 90050,
    "fields": {
      "modelo": 122,
      "nome": "R-Line 2.0 TSI"
    }
  },
  {
    "model": "carros.versaoveiculo",
    "pk": 90051,
    "fields": {
      "modelo": 123,
      "nome": "Comfortline 1.4 TSI"
    }
  },
  {
    "model": "carros.versaoveiculo",
    "pk": 90052,
    "fields": {
      "modelo": 123,
      "nome": "Highline 1.4 TSI"
    }
  },
  {
    "model": "carros.versaoveiculo",
    "pk": 90053,
    "fields": {
      "modelo": 124,
      "nome": "250 TSI"
    }
  },
  {
    "model": "carros.versaoveiculo",
    "pk": 90054,
    "fields": {
      "modelo": 124,
      "nome": "350 TSI R-Line"
    }
  },
  {
    "model": "carros.versaoveiculo",
    "pk": 90055,
    "fields": {
      "modelo": 125,
      "nome": "T4 Momentum"
    }
  },
  {
    "model": "carros.versaoveiculo",
    "pk": 90056,
    "fields": {
      "modelo": 125,
      "nome": "T5 R-Design"
    }
  },
  {
    "model": "carros.versaoveiculo",
    "pk": 90057,
    "fields": {
      "modelo": 126,
      "nome": "T8 Hybrid Inscription"
    }
  },
  {
    "model": "carros.versaoveiculo",
    "pk": 90058,
    "fields": {
      "modelo": 127,
      "nome": "T4 Momentum"
    }
  },
  {
    "model": "carros.versaoveiculo",
    "pk": 90059,
    "fields": {
      "modelo": 127,
      "nome": "T5 R-Design"
    }
  },
  {
    "model": "carros.versaoveiculo",
    "pk": 90060,
    "fields": {
      "modelo": 128,
      "nome": "T5 Momentum"
    }
  },
  {
    "model": "carros.versaoveiculo",
    "pk": 90061,
    "fields": {
      "modelo": 128,
      "nome": "T8 Hybrid R-Design"
    }
  },
  {
    "model": "carros.versaoveiculo",
    "pk": 90062,
    "fields": {
      "modelo": 129,
      "nome": "T6 Inscription"
    }
  },
  {
    "model": "carros.versaoveiculo",
    "pk": 90063,
    "fields": {
      "modelo": 130,
      "nome": "2.5T 4x4"
    }
  },
  {
    "model": "carros.versaoveiculo",
    "pk": 90064,
    "fields": {
      "modelo": 130,
      "nome": "4.4 V8 4x4"
    }
  },
  {
    "model": "carros.versaoveiculo",
    "pk": 90065,
    "fields": {
      "modelo": 131,
      "nome": "Dynamique 2.5 4x4"
    }
  },
  {
    "model": "carros.versaoveiculo",
    "pk": 90066,
    "fields": {
      "modelo": 132,
      "nome": "2.0 Turbo RS"
    }
  },
  {
    "model": "carros.versaoveiculo",
    "pk": 90067,
    "fields": {
      "modelo": 132,
      "nome": "2.0 Turbo RS Trophy"
    }
  },
  {
    "model": "carros.versaoveiculo",
    "pk": 90068,
    "fields": {
      "modelo": 133,
      "nome": "1.6 TCe"
    }
  },
  {
    "model": "carros.versaoveiculo",
    "pk": 90069,
    "fields": {
      "modelo": 133,
      "nome": "2.0 dCi"
    }
  },
  {
    "model": "carros.versaoveiculo",
    "pk": 90070,
    "fields": {
      "modelo": 134,
      "nome": "2.5 SL"
    }
  },
  {
    "model": "carros.versaoveiculo",
    "pk": 90071,
    "fields": {
      "modelo": 134,
      "nome": "3.5 V6 SL"
    }
  },
  {
    "model": "carros.versaoveiculo",
    "pk": 90072,
    "fields": {
      "modelo": 135,
      "nome": "5.6 V8 4x4"
    }
  },
  {
    "model": "carros.versaoveiculo",
    "pk": 90073,
    "fields": {
      "modelo": 136,
      "nome": "1.8 S"
    }
  },
  {
    "model": "carros.versaoveiculo",
    "pk": 90074,
    "fields": {
      "modelo": 136,
      "nome": "1.8 SL"
    }
  },
  {
    "model": "carros.versaoveiculo",
    "pk": 90075,
    "fields": {
      "modelo": 137,
      "nome": "1.6 Turbo"
    }
  },
  {
    "model": "carros.versaoveiculo",
    "pk": 90076,
    "fields": {
      "modelo": 137,
      "nome": "1.6 Turbo Nismo"
    }
  },
  {
    "model": "carros.versaoveiculo",
    "pk": 90077,
    "fields": {
      "modelo": 138,
      "nome": "3.5 V6"
    }
  },
  {
    "model": "carros.versaoveiculo",
    "pk": 90078,
    "fields": {
      "modelo": 139,
      "nome": "3.5 V6 4x4"
    }
  },
  {
    "model": "carros.versaoveiculo",
    "pk": 90079,
    "fields": {
      "modelo": 140,
      "nome": "5.6 V8 4x4"
    }
  },
  {
    "model": "carros.versaoveiculo",
    "pk": 90080,
    "fields": {
      "modelo": 141,
      "nome": "3.5 V6"
    }
  },
  {
    "model": "carros.versaoveiculo",
    "pk": 90081,
    "fields": {
      "modelo": 142,
      "nome": "2.0 SE-R"
    }
  },
  {
    "model": "carros.versaoveiculo",
    "pk": 90082,
    "fields": {
      "modelo": 142,
      "nome": "2.0 SE-R Spec V"
    }
  },
  {
    "model": "carros.versaoveiculo",
    "pk": 90083,
    "fields": {
      "modelo": 143,
      "nome": "2.0 4x2"
    }
  },
  {
    "model": "carros.versaoveiculo",
    "pk": 90084,
    "fields": {
      "modelo": 143,
      "nome": "2.5 4x4"
    }
  }
]